"Rk.","Team","Season","Pitches_empty","Tempo_empty","TimerEquiv._empty","Fast %_empty","Slow %_empty","Pitches_onBase","Tempo_onBase","TimerEquiv._onBase","Fast %_onBase","Slow %_onBase"
"1"," White Sox"," 2010"," 6905"," 14.0"," 8.0"," 57.5%"," 1.4%"," 4143"," 20.9"," 14.9"," 6.2%"," 9.1%"," 
                Compare
            "
"2"," Athletics"," 2010"," 7262"," 14.2"," 8.2"," 56.4%"," 2.0%"," 4088"," 19.9"," 13.9"," 6.6%"," 8.2%"," 
                Compare
            "
"3"," White Sox"," 2011"," 6628"," 14.5"," 8.5"," 54.8%"," 1.0%"," 3848"," 21.0"," 15.0"," 5.2%"," 8.5%"," 
                Compare
            "
"4"," Mariners"," 2010"," 6718"," 14.6"," 8.6"," 54.1%"," 1.4%"," 3843"," 20.0"," 14.0"," 5.5%"," 10.2%"," 
                Compare
            "
"5"," Guardians"," 2012"," 6863"," 14.7"," 8.7"," 53.0%"," 1.3%"," 4482"," 20.7"," 14.7"," 5.2%"," 9.7%"," 
                Compare
            "
"6"," D-backs"," 2011"," 6481"," 14.7"," 8.7"," 53.7%"," 1.1%"," 4004"," 22.2"," 16.2"," 1.7%"," 10.9%"," 
                Compare
            "
"7"," Orioles"," 2011"," 6721"," 14.8"," 8.8"," 52.4%"," 1.0%"," 4397"," 21.0"," 15.0"," 3.9%"," 8.1%"," 
                Compare
            "
"8"," Twins"," 2011"," 6247"," 14.8"," 8.8"," 52.2%"," 1.4%"," 4050"," 21.5"," 15.5"," 3.6%"," 12.2%"," 
                Compare
            "
"9"," Marlins"," 2012"," 6550"," 14.9"," 8.9"," 50.9%"," 1.3%"," 4195"," 22.5"," 16.5"," 2.5%"," 11.8%"," 
                Compare
            "
"10"," Mets"," 2012"," 6607"," 14.9"," 8.9"," 50.7%"," 1.3%"," 4069"," 21.2"," 15.2"," 6.1%"," 9.2%"," 
                Compare
            "
"11"," White Sox"," 2012"," 7172"," 14.9"," 8.9"," 50.7%"," 1.1%"," 3824"," 21.8"," 15.8"," 2.6%"," 9.5%"," 
                Compare
            "
"12"," Padres"," 2011"," 6759"," 14.9"," 8.9"," 50.5%"," 1.2%"," 3929"," 21.3"," 15.3"," 3.1%"," 11.9%"," 
                Compare
            "
"13"," Marlins"," 2010"," 6840"," 15.0"," 9.0"," 52.6%"," 2.5%"," 4392"," 21.0"," 15.0"," 6.3%"," 10.4%"," 
                Compare
            "
"14"," Royals"," 2011"," 6815"," 15.0"," 9.0"," 50.1%"," 1.3%"," 4400"," 21.8"," 15.8"," 2.5%"," 11.4%"," 
                Compare
            "
"15"," Cubs"," 2010"," 6855"," 15.0"," 9.0"," 51.1%"," 2.3%"," 4604"," 21.0"," 15.0"," 5.9%"," 9.8%"," 
                Compare
            "
"16"," Cardinals"," 2010"," 6793"," 15.0"," 9.0"," 48.6%"," 2.1%"," 4182"," 21.9"," 15.9"," 3.5%"," 10.2%"," 
                Compare
            "
"17"," Royals"," 2010"," 6770"," 15.0"," 9.0"," 46.0%"," 1.2%"," 4494"," 22.0"," 16.0"," 2.4%"," 11.2%"," 
                Compare
            "
"18"," D-backs"," 2012"," 6560"," 15.0"," 9.0"," 49.3%"," 1.6%"," 3812"," 22.1"," 16.1"," 1.4%"," 10.5%"," 
                Compare
            "
"19"," Phillies"," 2010"," 6975"," 15.1"," 9.1"," 44.3%"," 3.3%"," 4166"," 20.9"," 14.9"," 6.2%"," 9.7%"," 
                Compare
            "
"20"," Astros"," 2011"," 6683"," 15.2"," 9.2"," 47.7%"," 1.7%"," 4327"," 21.5"," 15.5"," 4.5%"," 12.2%"," 
                Compare
            "
"21"," Angels"," 2010"," 7303"," 15.2"," 9.2"," 44.6%"," 2.2%"," 4552"," 22.0"," 16.0"," 1.7%"," 13.0%"," 
                Compare
            "
"22"," Mets"," 2011"," 6467"," 15.2"," 9.2"," 47.4%"," 1.3%"," 4232"," 21.6"," 15.6"," 4.4%"," 11.9%"," 
                Compare
            "
"23"," Cardinals"," 2011"," 6305"," 15.3"," 9.3"," 47.5%"," 1.2%"," 3837"," 22.3"," 16.3"," 2.4%"," 10.5%"," 
                Compare
            "
"24"," Blue Jays"," 2013"," 7079"," 15.3"," 9.3"," 46.3%"," 1.5%"," 4222"," 21.4"," 15.4"," 3.5%"," 10.9%"," 
                Compare
            "
"25"," Angels"," 2011"," 6913"," 15.4"," 9.4"," 45.2%"," 1.1%"," 3912"," 22.0"," 16.0"," 1.3%"," 12.1%"," 
                Compare
            "
"26"," Athletics"," 2011"," 6888"," 15.4"," 9.4"," 43.9%"," 1.0%"," 4289"," 20.5"," 14.5"," 3.4%"," 9.3%"," 
                Compare
            "
"27"," Blue Jays"," 2014"," 6796"," 15.5"," 9.5"," 44.7%"," 1.1%"," 4266"," 21.5"," 15.5"," 3.6%"," 8.6%"," 
                Compare
            "
"28"," Mariners"," 2011"," 6429"," 15.5"," 9.5"," 44.3%"," 1.4%"," 3707"," 22.0"," 16.0"," 3.0%"," 12.1%"," 
                Compare
            "
"29"," D-backs"," 2013"," 7013"," 15.5"," 9.5"," 44.2%"," 1.5%"," 3853"," 22.6"," 16.6"," 1.5%"," 10.9%"," 
                Compare
            "
"30"," Rangers"," 2011"," 7037"," 15.6"," 9.6"," 44.1%"," 1.5%"," 3981"," 22.1"," 16.1"," 1.7%"," 12.6%"," 
                Compare
            "
"31"," Guardians"," 2013"," 6766"," 15.6"," 9.6"," 42.6%"," 1.7%"," 4428"," 21.6"," 15.6"," 2.4%"," 10.1%"," 
                Compare
            "
"32"," Guardians"," 2011"," 6390"," 15.7"," 9.7"," 42.8%"," 1.8%"," 4194"," 21.5"," 15.5"," 3.4%"," 11.9%"," 
                Compare
            "
"33"," Cubs"," 2011"," 6491"," 15.7"," 9.7"," 41.4%"," 1.2%"," 4438"," 21.4"," 15.4"," 4.6%"," 9.3%"," 
                Compare
            "
"34"," Rockies"," 2011"," 6593"," 15.7"," 9.7"," 42.5%"," 2.5%"," 3890"," 23.9"," 17.9"," 1.6%"," 17.0%"," 
                Compare
            "
"35"," Orioles"," 2012"," 7005"," 15.7"," 9.7"," 41.2%"," 1.1%"," 4205"," 22.1"," 16.1"," 1.9%"," 8.4%"," 
                Compare
            "
"36"," Marlins"," 2011"," 6684"," 15.8"," 9.8"," 41.1%"," 0.9%"," 3798"," 23.0"," 17.0"," 1.5%"," 12.8%"," 
                Compare
            "
"37"," Reds"," 2010"," 7134"," 15.8"," 9.8"," 43.1%"," 2.7%"," 4524"," 21.0"," 15.0"," 5.3%"," 11.0%"," 
                Compare
            "
"38"," Brewers"," 2011"," 6804"," 15.8"," 9.8"," 40.8%"," 2.1%"," 4041"," 23.3"," 17.3"," 1.2%"," 14.6%"," 
                Compare
            "
"39"," Padres"," 2012"," 6910"," 15.8"," 9.8"," 40.9%"," 1.6%"," 3851"," 22.1"," 16.1"," 1.7%"," 13.1%"," 
                Compare
            "
"40"," Phillies"," 2011"," 6525"," 15.8"," 9.8"," 39.4%"," 1.1%"," 3742"," 19.9"," 13.9"," 5.3%"," 7.6%"," 
                Compare
            "
"41"," Nationals"," 2013"," 6739"," 15.8"," 9.8"," 41.3%"," 1.3%"," 3867"," 21.1"," 15.1"," 2.9%"," 9.4%"," 
                Compare
            "
"42"," Cardinals"," 2017"," 7036"," 15.8"," 9.8"," 40.4%"," 0.8%"," 3962"," 23.1"," 17.1"," 1.4%"," 10.2%"," 
                Compare
            "
"43"," Royals"," 2012"," 6861"," 15.9"," 9.9"," 40.8%"," 1.9%"," 4260"," 22.4"," 16.4"," 2.2%"," 14.2%"," 
                Compare
            "
"44"," Padres"," 2013"," 6984"," 15.9"," 9.9"," 38.8%"," 1.7%"," 4121"," 22.6"," 16.6"," 1.7%"," 11.7%"," 
                Compare
            "
"45"," Cardinals"," 2013"," 6553"," 15.9"," 9.9"," 39.4%"," 1.4%"," 3932"," 23.7"," 17.7"," 1.8%"," 12.1%"," 
                Compare
            "
"46"," Orioles"," 2010"," 6744"," 15.9"," 9.9"," 42.5%"," 2.8%"," 4673"," 21.0"," 15.0"," 4.2%"," 10.5%"," 
                Compare
            "
"47"," Mets"," 2013"," 6866"," 15.9"," 9.9"," 39.9%"," 1.6%"," 3942"," 23.0"," 17.0"," 2.1%"," 11.9%"," 
                Compare
            "
"48"," Padres"," 2010"," 7453"," 15.9"," 9.9"," 42.8%"," 2.2%"," 3806"," 22.0"," 16.0"," 4.1%"," 13.1%"," 
                Compare
            "
"49"," Cardinals"," 2012"," 6356"," 16.0"," 10.0"," 39.9%"," 1.5%"," 4024"," 23.1"," 17.1"," 1.0%"," 10.7%"," 
                Compare
            "
"50"," Angels"," 2012"," 7146"," 16.0"," 10.0"," 40.4%"," 1.7%"," 3882"," 23.0"," 17.0"," 1.0%"," 14.1%"," 
                Compare
            "
"51"," Rockies"," 2010"," 6930"," 16.0"," 10.0"," 41.9%"," 3.0%"," 4155"," 23.0"," 17.0"," 1.9%"," 16.9%"," 
                Compare
            "
"52"," Astros"," 2010"," 6834"," 16.0"," 10.0"," 41.0%"," 3.1%"," 4565"," 22.0"," 16.0"," 3.0%"," 13.5%"," 
                Compare
            "
"53"," Pirates"," 2010"," 6542"," 16.0"," 10.0"," 40.6%"," 2.4%"," 4601"," 22.5"," 16.5"," 1.9%"," 12.5%"," 
                Compare
            "
"54"," Guardians"," 2010"," 6905"," 16.0"," 10.0"," 40.8%"," 2.1%"," 4871"," 22.0"," 16.0"," 1.9%"," 12.0%"," 
                Compare
            "
"55"," Mets"," 2010"," 6832"," 16.0"," 10.0"," 40.9%"," 2.0%"," 4703"," 22.0"," 16.0"," 3.9%"," 10.6%"," 
                Compare
            "
"56"," Twins"," 2010"," 6594"," 16.0"," 10.0"," 39.2%"," 2.0%"," 4004"," 23.0"," 17.0"," 2.8%"," 11.7%"," 
                Compare
            "
"57"," Tigers"," 2010"," 6856"," 16.0"," 10.0"," 39.1%"," 3.0%"," 4516"," 23.0"," 17.0"," 0.8%"," 14.3%"," 
                Compare
            "
"58"," Giants"," 2010"," 6979"," 16.0"," 10.0"," 39.0%"," 2.6%"," 4279"," 23.0"," 17.0"," 1.3%"," 14.5%"," 
                Compare
            "
"59"," Rangers"," 2010"," 7203"," 16.0"," 10.0"," 37.0%"," 3.2%"," 4486"," 22.0"," 16.0"," 2.5%"," 13.7%"," 
                Compare
            "
"60"," Dodgers"," 2010"," 6814"," 16.0"," 10.0"," 35.4%"," 2.8%"," 4302"," 23.0"," 17.0"," 2.4%"," 16.3%"," 
                Compare
            "
"61"," Reds"," 2018"," 6845"," 16.0"," 10.0"," 37.8%"," 1.1%"," 4071"," 22.2"," 16.2"," 2.6%"," 9.7%"," 
                Compare
            "
"62"," Athletics"," 2012"," 7024"," 16.0"," 10.0"," 36.4%"," 1.4%"," 3923"," 22.6"," 16.6"," 1.6%"," 11.1%"," 
                Compare
            "
"63"," D-backs"," 2010"," 6873"," 16.0"," 10.0"," 34.0%"," 2.2%"," 4439"," 22.2"," 16.2"," 2.2%"," 14.4%"," 
                Compare
            "
"64"," Blue Jays"," 2010"," 6924"," 16.0"," 10.0"," 33.7%"," 6.5%"," 4510"," 23.0"," 17.0"," 1.7%"," 16.9%"," 
                Compare
            "
"65"," Brewers"," 2010"," 7028"," 16.0"," 10.0"," 34.8%"," 2.2%"," 4691"," 23.0"," 17.0"," 1.5%"," 13.2%"," 
                Compare
            "
"66"," Twins"," 2012"," 6492"," 16.0"," 10.0"," 37.0%"," 1.3%"," 4032"," 22.9"," 16.9"," 1.5%"," 11.7%"," 
                Compare
            "
"67"," Marlins"," 2018"," 7281"," 16.0"," 10.0"," 39.3%"," 1.2%"," 4263"," 22.4"," 16.4"," 1.0%"," 10.6%"," 
                Compare
            "
"68"," Pirates"," 2011"," 6221"," 16.1"," 10.1"," 37.8%"," 1.9%"," 4198"," 23.0"," 17.0"," 1.3%"," 14.7%"," 
                Compare
            "
"69"," Nationals"," 2015"," 6609"," 16.1"," 10.1"," 42.0%"," 3.4%"," 3526"," 23.1"," 17.1"," 9.8%"," 20.7%"," 
                Compare
            "
"70"," D-backs"," 2014"," 6753"," 16.1"," 10.1"," 38.7%"," 1.2%"," 3940"," 22.8"," 16.8"," 1.4%"," 13.4%"," 
                Compare
            "
"71"," Cardinals"," 2014"," 6644"," 16.1"," 10.1"," 38.0%"," 1.6%"," 3853"," 23.3"," 17.3"," 1.8%"," 12.8%"," 
                Compare
            "
"72"," Rangers"," 2012"," 7020"," 16.1"," 10.1"," 39.5%"," 2.5%"," 3956"," 22.3"," 16.3"," 2.2%"," 13.4%"," 
                Compare
            "
"73"," White Sox"," 2013"," 7240"," 16.2"," 10.2"," 37.5%"," 1.4%"," 4317"," 22.6"," 16.6"," 1.6%"," 10.6%"," 
                Compare
            "
"74"," Athletics"," 2013"," 6967"," 16.2"," 10.2"," 36.3%"," 1.9%"," 3868"," 22.5"," 16.5"," 3.6%"," 12.0%"," 
                Compare
            "
"75"," Blue Jays"," 2011"," 6794"," 16.2"," 10.2"," 36.3%"," 1.9%"," 4225"," 22.7"," 16.7"," 1.8%"," 14.1%"," 
                Compare
            "
"76"," Royals"," 2013"," 6931"," 16.2"," 10.2"," 36.8%"," 1.9%"," 3943"," 22.1"," 16.1"," 2.1%"," 10.4%"," 
                Compare
            "
"77"," Phillies"," 2012"," 6549"," 16.2"," 10.2"," 36.4%"," 2.0%"," 3823"," 21.2"," 15.2"," 3.0%"," 9.5%"," 
                Compare
            "
"78"," Nationals"," 2014"," 6645"," 16.2"," 10.2"," 37.4%"," 1.4%"," 3352"," 22.6"," 16.6"," 2.3%"," 10.7%"," 
                Compare
            "
"79"," Braves"," 2015"," 6561"," 16.2"," 10.2"," 40.5%"," 3.7%"," 4116"," 23.1"," 17.1"," 8.0%"," 20.5%"," 
                Compare
            "
"80"," Mets"," 2018"," 7010"," 16.2"," 10.2"," 37.1%"," 1.4%"," 4052"," 22.3"," 16.3"," 2.7%"," 11.6%"," 
                Compare
            "
"81"," Braves"," 2011"," 6926"," 16.2"," 10.2"," 33.5%"," 1.3%"," 3980"," 21.0"," 15.0"," 3.7%"," 9.7%"," 
                Compare
            "
"82"," Pirates"," 2017"," 6562"," 16.2"," 10.2"," 36.4%"," 2.0%"," 4334"," 23.4"," 17.4"," 0.3%"," 14.6%"," 
                Compare
            "
"83"," Giants"," 2011"," 6884"," 16.3"," 10.3"," 35.5%"," 1.8%"," 4075"," 22.2"," 16.2"," 2.7%"," 10.6%"," 
                Compare
            "
"84"," Astros"," 2012"," 6628"," 16.3"," 10.3"," 37.4%"," 2.1%"," 4263"," 23.5"," 17.5"," 1.6%"," 15.6%"," 
                Compare
            "
"85"," Yankees"," 2013"," 6841"," 16.3"," 10.3"," 34.5%"," 1.8%"," 4229"," 22.5"," 16.5"," 1.3%"," 13.0%"," 
                Compare
            "
"86"," Braves"," 2012"," 6592"," 16.3"," 10.3"," 32.4%"," 1.3%"," 3652"," 21.0"," 15.0"," 2.7%"," 9.3%"," 
                Compare
            "
"87"," Pirates"," 2018"," 6734"," 16.4"," 10.4"," 32.2%"," 1.6%"," 4162"," 23.5"," 17.5"," 0.3%"," 13.8%"," 
                Compare
            "
"88"," Rockies"," 2012"," 6541"," 16.4"," 10.4"," 34.2%"," 2.3%"," 4545"," 22.7"," 16.7"," 2.1%"," 15.5%"," 
                Compare
            "
"89"," Cubs"," 2012"," 6559"," 16.4"," 10.4"," 32.8%"," 2.1%"," 4245"," 22.7"," 16.7"," 0.9%"," 13.1%"," 
                Compare
            "
"90"," Cardinals"," 2016"," 6610"," 16.4"," 10.4"," 38.6%"," 2.8%"," 4224"," 24.4"," 18.4"," 6.0%"," 21.1%"," 
                Compare
            "
"91"," Orioles"," 2013"," 7092"," 16.4"," 10.4"," 32.6%"," 1.0%"," 4013"," 23.4"," 17.4"," 0.5%"," 11.4%"," 
                Compare
            "
"92"," Padres"," 2014"," 6665"," 16.4"," 10.4"," 34.6%"," 2.4%"," 3809"," 23.1"," 17.1"," 1.5%"," 14.4%"," 
                Compare
            "
"93"," Rangers"," 2018"," 6864"," 16.4"," 10.4"," 35.3%"," 1.6%"," 4252"," 22.6"," 16.6"," 1.3%"," 11.2%"," 
                Compare
            "
"94"," Marlins"," 2017"," 7100"," 16.4"," 10.4"," 37.0%"," 1.4%"," 4389"," 22.3"," 16.3"," 1.8%"," 13.1%"," 
                Compare
            "
"95"," Braves"," 2010"," 6828"," 16.4"," 10.4"," 30.3%"," 2.7%"," 4159"," 22.0"," 16.0"," 3.6%"," 11.0%"," 
                Compare
            "
"96"," Nationals"," 2012"," 6695"," 16.4"," 10.4"," 35.4%"," 1.9%"," 4004"," 22.6"," 16.6"," 2.5%"," 14.1%"," 
                Compare
            "
"97"," Rays"," 2011"," 6863"," 16.4"," 10.4"," 35.8%"," 2.0%"," 3801"," 23.6"," 17.6"," 1.4%"," 16.4%"," 
                Compare
            "
"98"," Royals"," 2018"," 6887"," 16.4"," 10.4"," 33.3%"," 1.5%"," 4382"," 21.7"," 15.7"," 2.1%"," 8.9%"," 
                Compare
            "
"99"," Blue Jays"," 2015"," 6699"," 16.4"," 10.4"," 39.8%"," 4.0%"," 3614"," 22.7"," 16.7"," 11.9%"," 18.9%"," 
                Compare
            "
"100"," Nationals"," 2011"," 6597"," 16.4"," 10.4"," 35.4%"," 1.8%"," 3928"," 22.8"," 16.8"," 1.8%"," 12.5%"," 
                Compare
            "
"101"," Rockies"," 2013"," 6530"," 16.4"," 10.4"," 35.6%"," 2.5%"," 4160"," 23.3"," 17.3"," 1.4%"," 15.8%"," 
                Compare
            "
"102"," Marlins"," 2014"," 6399"," 16.4"," 10.4"," 35.1%"," 1.6%"," 3940"," 23.2"," 17.2"," 0.8%"," 13.0%"," 
                Compare
            "
"103"," Padres"," 2018"," 7011"," 16.4"," 10.4"," 37.1%"," 2.0%"," 4196"," 23.2"," 17.2"," 1.4%"," 15.5%"," 
                Compare
            "
"104"," Marlins"," 2013"," 6692"," 16.5"," 10.5"," 35.6%"," 2.2%"," 3964"," 23.0"," 17.0"," 1.4%"," 12.1%"," 
                Compare
            "
"105"," Dodgers"," 2012"," 6680"," 16.5"," 10.5"," 33.7%"," 1.7%"," 3716"," 23.6"," 17.6"," 0.6%"," 14.3%"," 
                Compare
            "
"106"," Reds"," 2011"," 6727"," 16.5"," 10.5"," 33.9%"," 2.0%"," 4051"," 22.5"," 16.5"," 2.8%"," 12.4%"," 
                Compare
            "
"107"," Reds"," 2017"," 7064"," 16.5"," 10.5"," 32.0%"," 1.4%"," 4151"," 22.6"," 16.6"," 1.4%"," 11.1%"," 
                Compare
            "
"108"," Reds"," 2012"," 6893"," 16.6"," 10.6"," 33.3%"," 2.7%"," 3701"," 23.8"," 17.8"," 1.2%"," 16.7%"," 
                Compare
            "
"109"," Guardians"," 2022"," 6498"," 16.6"," 10.6"," 32.8%"," 2.3%"," 3657"," 22.6"," 16.6"," 0.7%"," 10.7%"," 
                Compare
            "
"110"," Reds"," 2015"," 7042"," 16.6"," 10.6"," 38.2%"," 4.1%"," 4166"," 23.3"," 17.3"," 7.1%"," 20.1%"," 
                Compare
            "
"111"," Rockies"," 2018"," 7232"," 16.6"," 10.6"," 31.1%"," 1.9%"," 3894"," 23.4"," 17.4"," 0.4%"," 14.4%"," 
                Compare
            "
"112"," Guardians"," 2019"," 7080"," 16.6"," 10.6"," 32.4%"," 1.5%"," 3695"," 23.7"," 17.7"," 0.2%"," 13.5%"," 
                Compare
            "
"113"," Dodgers"," 2011"," 6407"," 16.6"," 10.6"," 30.0%"," 1.5%"," 3742"," 24.1"," 18.1"," 1.0%"," 16.9%"," 
                Compare
            "
"114"," Tigers"," 2018"," 7128"," 16.6"," 10.6"," 33.0%"," 1.6%"," 4219"," 22.5"," 16.5"," 1.2%"," 10.7%"," 
                Compare
            "
"115"," Yankees"," 2012"," 6885"," 16.6"," 10.6"," 32.1%"," 1.6%"," 3814"," 22.5"," 16.5"," 1.8%"," 13.1%"," 
                Compare
            "
"116"," Reds"," 2020"," 2605"," 16.6"," 10.6"," 31.1%"," 1.8%"," 1512"," 22.2"," 16.2"," 2.5%"," 10.9%"," 
                Compare
            "
"117"," Phillies"," 2013"," 6328"," 16.7"," 10.7"," 33.3%"," 1.8%"," 4445"," 21.7"," 15.7"," 1.9%"," 11.0%"," 
                Compare
            "
"118"," Cardinals"," 2015"," 6436"," 16.7"," 10.7"," 36.5%"," 3.7%"," 4079"," 24.0"," 18.0"," 7.3%"," 22.5%"," 
                Compare
            "
"119"," Nationals"," 2010"," 6845"," 16.7"," 10.7"," 33.4%"," 2.9%"," 4572"," 23.0"," 17.0"," 1.8%"," 14.5%"," 
                Compare
            "
"120"," Rangers"," 2013"," 6875"," 16.7"," 10.7"," 32.3%"," 2.6%"," 3797"," 22.7"," 16.7"," 1.7%"," 12.6%"," 
                Compare
            "
"121"," Twins"," 2014"," 6269"," 16.7"," 10.7"," 30.0%"," 1.5%"," 4022"," 22.4"," 16.4"," 1.2%"," 10.5%"," 
                Compare
            "
"122"," Brewers"," 2013"," 7086"," 16.7"," 10.7"," 30.1%"," 1.9%"," 3998"," 23.8"," 17.8"," 1.5%"," 15.5%"," 
                Compare
            "
"123"," Guardians"," 2018"," 6984"," 16.7"," 10.7"," 27.9%"," 1.5%"," 3761"," 23.6"," 17.6"," 0.3%"," 12.4%"," 
                Compare
            "
"124"," White Sox"," 2014"," 7173"," 16.7"," 10.7"," 32.4%"," 1.4%"," 4254"," 22.4"," 16.4"," 1.7%"," 10.2%"," 
                Compare
            "
"125"," Rockies"," 2020"," 2488"," 16.7"," 10.7"," 29.3%"," 2.0%"," 1617"," 23.4"," 17.4"," 1.4%"," 14.0%"," 
                Compare
            "
"126"," Tigers"," 2019"," 7041"," 16.8"," 10.8"," 32.3%"," 1.9%"," 4430"," 22.3"," 16.3"," 1.6%"," 10.9%"," 
                Compare
            "
"127"," Tigers"," 2020"," 2455"," 16.8"," 10.8"," 31.6%"," 1.5%"," 1642"," 22.4"," 16.4"," 0.9%"," 9.2%"," 
                Compare
            "
"128"," Reds"," 2016"," 7102"," 16.8"," 10.8"," 33.4%"," 3.0%"," 4378"," 22.8"," 16.8"," 7.5%"," 18.3%"," 
                Compare
            "
"129"," Cardinals"," 2019"," 7199"," 16.8"," 10.8"," 30.6%"," 1.4%"," 3885"," 24.5"," 18.5"," 0.7%"," 15.8%"," 
                Compare
            "
"130"," Braves"," 2017"," 6754"," 16.8"," 10.8"," 30.5%"," 1.7%"," 4216"," 21.9"," 15.9"," 2.1%"," 9.4%"," 
                Compare
            "
"131"," Giants"," 2022"," 6637"," 16.8"," 10.8"," 31.7%"," 2.7%"," 4231"," 22.4"," 16.4"," 2.2%"," 11.7%"," 
                Compare
            "
"132"," Reds"," 2014"," 6894"," 16.8"," 10.8"," 33.4%"," 3.3%"," 3717"," 23.8"," 17.8"," 1.0%"," 17.0%"," 
                Compare
            "
"133"," Braves"," 2014"," 6522"," 16.8"," 10.8"," 31.3%"," 2.6%"," 3781"," 22.7"," 16.7"," 0.9%"," 13.2%"," 
                Compare
            "
"134"," Orioles"," 2020"," 2522"," 16.8"," 10.8"," 28.2%"," 1.5%"," 1564"," 21.9"," 15.9"," 1.3%"," 10.6%"," 
                Compare
            "
"135"," Red Sox"," 2013"," 6772"," 16.8"," 10.8"," 29.8%"," 2.9%"," 4356"," 23.9"," 17.9"," 1.0%"," 16.4%"," 
                Compare
            "
"136"," Athletics"," 2014"," 6798"," 16.8"," 10.8"," 28.1%"," 2.0%"," 3600"," 22.7"," 16.7"," 1.3%"," 11.2%"," 
                Compare
            "
"137"," Mets"," 2017"," 6934"," 16.9"," 10.9"," 30.7%"," 2.1%"," 4647"," 23.3"," 17.3"," 1.0%"," 13.3%"," 
                Compare
            "
"138"," Cardinals"," 2018"," 7014"," 16.9"," 10.9"," 30.7%"," 2.1%"," 4225"," 24.4"," 18.4"," 0.5%"," 15.6%"," 
                Compare
            "
"139"," Rockies"," 2019"," 7053"," 16.9"," 10.9"," 29.5%"," 1.8%"," 4161"," 23.4"," 17.4"," 1.1%"," 14.3%"," 
                Compare
            "
"140"," Braves"," 2013"," 6604"," 16.9"," 10.9"," 28.0%"," 2.0%"," 3633"," 22.1"," 16.1"," 1.2%"," 9.9%"," 
                Compare
            "
"141"," Orioles"," 2019"," 7210"," 16.9"," 10.9"," 29.4%"," 1.2%"," 4624"," 22.5"," 16.5"," 0.9%"," 12.1%"," 
                Compare
            "
"142"," Cubs"," 2018"," 7330"," 16.9"," 10.9"," 28.4%"," 2.0%"," 4443"," 22.3"," 16.3"," 1.4%"," 12.9%"," 
                Compare
            "
"143"," Blue Jays"," 2012"," 6832"," 16.9"," 10.9"," 26.1%"," 2.0%"," 4186"," 23.6"," 17.6"," 1.2%"," 15.2%"," 
                Compare
            "
"144"," Angels"," 2013"," 6911"," 16.9"," 10.9"," 31.3%"," 2.4%"," 4310"," 24.1"," 18.1"," 0.7%"," 18.4%"," 
                Compare
            "
"145"," Pirates"," 2016"," 6667"," 16.9"," 10.9"," 34.2%"," 4.4%"," 4398"," 24.0"," 18.0"," 7.9%"," 22.7%"," 
                Compare
            "
"146"," Twins"," 2013"," 7002"," 16.9"," 10.9"," 28.0%"," 1.8%"," 4377"," 23.7"," 17.7"," 0.8%"," 13.5%"," 
                Compare
            "
"147"," Yankees"," 2011"," 6514"," 16.9"," 10.9"," 27.7%"," 1.7%"," 4028"," 22.8"," 16.8"," 1.4%"," 12.4%"," 
                Compare
            "
"148"," Nationals"," 2016"," 7057"," 16.9"," 10.9"," 33.9%"," 3.6%"," 3777"," 24.8"," 18.8"," 5.5%"," 24.5%"," 
                Compare
            "
"149"," Orioles"," 2021"," 6776"," 16.9"," 10.9"," 27.3%"," 1.7%"," 4448"," 22.6"," 16.6"," 0.9%"," 11.2%"," 
                Compare
            "
"150"," Mets"," 2019"," 7026"," 16.9"," 10.9"," 27.7%"," 1.7%"," 4177"," 23.5"," 17.5"," 0.8%"," 14.7%"," 
                Compare
            "
"151"," Orioles"," 2018"," 6901"," 16.9"," 10.9"," 25.9%"," 1.6%"," 4588"," 22.1"," 16.1"," 0.5%"," 8.7%"," 
                Compare
            "
"152"," Rangers"," 2019"," 6985"," 16.9"," 10.9"," 28.8%"," 2.2%"," 4709"," 23.1"," 17.1"," 1.0%"," 13.8%"," 
                Compare
            "
"153"," Tigers"," 2012"," 6759"," 16.9"," 10.9"," 29.5%"," 3.9%"," 3883"," 22.8"," 16.8"," 1.5%"," 17.7%"," 
                Compare
            "
"154"," Tigers"," 2011"," 6957"," 17.0"," 11.0"," 29.6%"," 4.0%"," 4190"," 23.3"," 17.3"," 1.5%"," 17.0%"," 
                Compare
            "
"155"," Mets"," 2015"," 6707"," 17.0"," 11.0"," 34.3%"," 4.2%"," 3550"," 23.9"," 17.9"," 6.0%"," 22.5%"," 
                Compare
            "
"156"," Rockies"," 2022"," 6620"," 17.0"," 11.0"," 28.2%"," 2.4%"," 4313"," 22.8"," 16.8"," 0.3%"," 13.0%"," 
                Compare
            "
"157"," Royals"," 2014"," 6813"," 17.0"," 11.0"," 29.9%"," 2.2%"," 4198"," 22.3"," 16.3"," 2.4%"," 11.8%"," 
                Compare
            "
"158"," Reds"," 2019"," 7540"," 17.0"," 11.0"," 28.3%"," 1.9%"," 3689"," 23.1"," 17.1"," 0.5%"," 10.8%"," 
                Compare
            "
"159"," Phillies"," 2017"," 6903"," 17.0"," 11.0"," 28.9%"," 2.4%"," 4123"," 22.8"," 16.8"," 1.4%"," 14.2%"," 
                Compare
            "
"160"," Giants"," 2017"," 6752"," 17.0"," 11.0"," 28.8%"," 2.5%"," 4318"," 23.2"," 17.2"," 0.9%"," 12.6%"," 
                Compare
            "
"161"," Marlins"," 2016"," 6969"," 17.0"," 11.0"," 34.8%"," 4.1%"," 4310"," 23.5"," 17.5"," 6.8%"," 19.7%"," 
                Compare
            "
"162"," Rays"," 2010"," 6842"," 17.0"," 11.0"," 29.5%"," 4.7%"," 4113"," 23.8"," 17.8"," 1.5%"," 16.0%"," 
                Compare
            "
"163"," Pirates"," 2014"," 6595"," 17.0"," 11.0"," 29.0%"," 2.1%"," 3552"," 23.6"," 17.6"," 1.2%"," 16.1%"," 
                Compare
            "
"164"," Pirates"," 2013"," 6596"," 17.0"," 11.0"," 29.8%"," 1.8%"," 3760"," 23.7"," 17.7"," 0.9%"," 14.9%"," 
                Compare
            "
"165"," Braves"," 2018"," 7271"," 17.0"," 11.0"," 28.2%"," 1.6%"," 4223"," 21.9"," 15.9"," 1.4%"," 9.4%"," 
                Compare
            "
"166"," Guardians"," 2017"," 7059"," 17.0"," 11.0"," 27.2%"," 2.0%"," 3565"," 23.7"," 17.7"," 0.2%"," 12.9%"," 
                Compare
            "
"167"," Cubs"," 2017"," 7401"," 17.0"," 11.0"," 27.9%"," 2.0%"," 4212"," 22.9"," 16.9"," 1.5%"," 14.0%"," 
                Compare
            "
"168"," Rangers"," 2015"," 6966"," 17.0"," 11.0"," 33.5%"," 4.7%"," 4523"," 23.5"," 17.5"," 5.9%"," 20.9%"," 
                Compare
            "
"169"," Mariners"," 2018"," 6729"," 17.1"," 11.1"," 26.5%"," 2.0%"," 3626"," 22.5"," 16.5"," 1.3%"," 10.8%"," 
                Compare
            "
"170"," Giants"," 2018"," 7156"," 17.1"," 11.1"," 27.9%"," 2.4%"," 4111"," 23.2"," 17.2"," 0.6%"," 11.8%"," 
                Compare
            "
"171"," Mariners"," 2012"," 6648"," 17.1"," 11.1"," 26.0%"," 1.6%"," 3739"," 22.8"," 16.8"," 1.2%"," 13.3%"," 
                Compare
            "
"172"," Cardinals"," 2020"," 2320"," 17.1"," 11.1"," 29.5%"," 1.9%"," 1501"," 23.5"," 17.5"," 1.7%"," 12.5%"," 
                Compare
            "
"173"," Mets"," 2014"," 6895"," 17.1"," 11.1"," 29.9%"," 2.7%"," 4068"," 23.2"," 17.2"," 1.9%"," 13.6%"," 
                Compare
            "
"174"," Marlins"," 2020"," 2331"," 17.1"," 11.1"," 27.4%"," 2.1%"," 1585"," 23.1"," 17.1"," 0.8%"," 13.0%"," 
                Compare
            "
"175"," Guardians"," 2014"," 6614"," 17.1"," 11.1"," 26.0%"," 2.2%"," 4188"," 23.6"," 17.6"," 1.0%"," 14.5%"," 
                Compare
            "
"176"," Mariners"," 2019"," 7118"," 17.1"," 11.1"," 27.0%"," 2.4%"," 4213"," 23.4"," 17.4"," 0.8%"," 14.7%"," 
                Compare
            "
"177"," Twins"," 2017"," 6768"," 17.1"," 11.1"," 28.3%"," 1.9%"," 4075"," 23.6"," 17.6"," 0.4%"," 14.9%"," 
                Compare
            "
"178"," Blue Jays"," 2018"," 6998"," 17.1"," 11.1"," 26.7%"," 1.6%"," 4501"," 22.9"," 16.9"," 0.3%"," 11.9%"," 
                Compare
            "
"179"," Rangers"," 2014"," 6817"," 17.1"," 11.1"," 28.1%"," 2.4%"," 4219"," 23.3"," 17.3"," 0.5%"," 13.5%"," 
                Compare
            "
"180"," Marlins"," 2015"," 6712"," 17.1"," 11.1"," 33.9%"," 4.7%"," 4001"," 23.2"," 17.2"," 8.1%"," 21.2%"," 
                Compare
            "
"181"," D-backs"," 2017"," 7446"," 17.1"," 11.1"," 28.6%"," 1.8%"," 3798"," 23.7"," 17.7"," 0.2%"," 15.1%"," 
                Compare
            "
"182"," Rockies"," 2017"," 6957"," 17.1"," 11.1"," 27.7%"," 2.4%"," 4119"," 23.9"," 17.9"," 0.6%"," 16.9%"," 
                Compare
            "
"183"," Padres"," 2017"," 7077"," 17.1"," 11.1"," 28.9%"," 1.9%"," 3996"," 23.5"," 17.5"," 0.9%"," 14.5%"," 
                Compare
            "
"184"," Red Sox"," 2015"," 6905"," 17.1"," 11.1"," 33.9%"," 5.8%"," 4410"," 23.6"," 17.6"," 8.9%"," 23.0%"," 
                Compare
            "
"185"," Angels"," 2015"," 6949"," 17.1"," 11.1"," 31.9%"," 4.1%"," 3976"," 24.7"," 18.7"," 4.7%"," 26.5%"," 
                Compare
            "
"186"," Blue Jays"," 2016"," 6955"," 17.1"," 11.1"," 33.5%"," 4.1%"," 3930"," 22.6"," 16.6"," 8.5%"," 16.5%"," 
                Compare
            "
"187"," Reds"," 2013"," 7217"," 17.1"," 11.1"," 28.6%"," 3.5%"," 3591"," 24.4"," 18.4"," 1.1%"," 18.5%"," 
                Compare
            "
"188"," Tigers"," 2021"," 6570"," 17.1"," 11.1"," 25.7%"," 2.0%"," 4442"," 23.4"," 17.4"," 0.3%"," 13.2%"," 
                Compare
            "
"189"," Mariners"," 2017"," 7058"," 17.1"," 11.1"," 25.9%"," 1.5%"," 3766"," 22.9"," 16.9"," 1.2%"," 11.8%"," 
                Compare
            "
"190"," Brewers"," 2012"," 7122"," 17.2"," 11.2"," 28.1%"," 2.5%"," 4468"," 23.7"," 17.7"," 1.5%"," 15.0%"," 
                Compare
            "
"191"," Tigers"," 2013"," 7182"," 17.2"," 11.2"," 26.9%"," 2.6%"," 3979"," 23.0"," 17.0"," 1.6%"," 16.2%"," 
                Compare
            "
"192"," Cubs"," 2022"," 6996"," 17.2"," 11.2"," 22.6%"," 2.2%"," 4281"," 22.3"," 16.3"," 2.0%"," 10.8%"," 
                Compare
            "
"193"," Orioles"," 2017"," 7282"," 17.2"," 11.2"," 26.1%"," 1.8%"," 4668"," 23.1"," 17.1"," 0.8%"," 11.7%"," 
                Compare
            "
"194"," Mariners"," 2016"," 6995"," 17.2"," 11.2"," 31.7%"," 4.1%"," 3798"," 23.7"," 17.7"," 5.7%"," 20.6%"," 
                Compare
            "
"195"," Rays"," 2012"," 7114"," 17.2"," 11.2"," 27.0%"," 3.4%"," 3960"," 24.1"," 18.1"," 1.0%"," 19.0%"," 
                Compare
            "
"196"," Twins"," 2018"," 7008"," 17.2"," 11.2"," 27.1%"," 2.0%"," 4512"," 23.0"," 17.0"," 0.9%"," 11.7%"," 
                Compare
            "
"197"," Brewers"," 2018"," 7483"," 17.2"," 11.2"," 29.7%"," 2.6%"," 3957"," 23.9"," 17.9"," 1.7%"," 16.8%"," 
                Compare
            "
"198"," Mariners"," 2013"," 6959"," 17.2"," 11.2"," 27.0%"," 2.1%"," 4044"," 23.2"," 17.2"," 1.3%"," 14.0%"," 
                Compare
            "
"199"," Dodgers"," 2014"," 6885"," 17.2"," 11.2"," 28.8%"," 3.1%"," 3841"," 23.6"," 17.6"," 1.4%"," 17.1%"," 
                Compare
            "
"200"," Mariners"," 2020"," 2654"," 17.2"," 11.2"," 24.4%"," 2.0%"," 1678"," 23.1"," 17.1"," 0.7%"," 14.9%"," 
                Compare
            "
"201"," Cubs"," 2016"," 7273"," 17.2"," 11.2"," 31.1%"," 3.9%"," 3653"," 23.9"," 17.9"," 5.8%"," 21.0%"," 
                Compare
            "
"202"," Astros"," 2014"," 6840"," 17.2"," 11.2"," 28.2%"," 3.5%"," 4128"," 24.1"," 18.1"," 1.4%"," 17.8%"," 
                Compare
            "
"203"," Marlins"," 2019"," 7075"," 17.3"," 11.3"," 27.3%"," 1.9%"," 3971"," 23.7"," 17.7"," 0.9%"," 14.0%"," 
                Compare
            "
"204"," Reds"," 2021"," 7199"," 17.3"," 11.3"," 26.2%"," 1.8%"," 4315"," 23.8"," 17.8"," 1.5%"," 14.0%"," 
                Compare
            "
"205"," Mariners"," 2014"," 6738"," 17.3"," 11.3"," 28.2%"," 2.2%"," 3560"," 23.2"," 17.2"," 1.3%"," 14.9%"," 
                Compare
            "
"206"," Cubs"," 2015"," 7184"," 17.3"," 11.3"," 31.4%"," 4.5%"," 3715"," 23.8"," 17.8"," 6.1%"," 23.0%"," 
                Compare
            "
"207"," Giants"," 2012"," 6684"," 17.3"," 11.3"," 23.7%"," 2.8%"," 4103"," 23.1"," 17.1"," 0.5%"," 12.5%"," 
                Compare
            "
"208"," Phillies"," 2019"," 7225"," 17.4"," 11.4"," 25.5%"," 2.1%"," 3967"," 23.6"," 17.6"," 2.0%"," 13.6%"," 
                Compare
            "
"209"," Astros"," 2019"," 7594"," 17.4"," 11.4"," 25.2%"," 2.0%"," 3572"," 22.7"," 16.7"," 3.0%"," 11.4%"," 
                Compare
            "
"210"," Royals"," 2022"," 6656"," 17.4"," 11.4"," 25.9%"," 2.3%"," 4694"," 22.0"," 16.0"," 2.0%"," 9.8%"," 
                Compare
            "
"211"," Mets"," 2020"," 2497"," 17.4"," 11.4"," 26.2%"," 1.9%"," 1661"," 23.8"," 17.8"," 0.2%"," 15.4%"," 
                Compare
            "
"212"," Phillies"," 2015"," 6531"," 17.4"," 11.4"," 31.0%"," 4.1%"," 4250"," 23.7"," 17.7"," 5.3%"," 20.9%"," 
                Compare
            "
"213"," Pirates"," 2015"," 6803"," 17.4"," 11.4"," 32.4%"," 5.2%"," 3800"," 24.2"," 18.2"," 6.8%"," 25.6%"," 
                Compare
            "
"214"," Rays"," 2018"," 7065"," 17.4"," 11.4"," 25.1%"," 2.0%"," 3703"," 23.6"," 17.6"," 1.1%"," 13.6%"," 
                Compare
            "
"215"," White Sox"," 2015"," 6863"," 17.4"," 11.4"," 31.9%"," 4.0%"," 3841"," 23.3"," 17.3"," 7.1%"," 19.8%"," 
                Compare
            "
"216"," Braves"," 2021"," 6717"," 17.4"," 11.4"," 27.0%"," 2.6%"," 3688"," 24.0"," 18.0"," 0.5%"," 15.9%"," 
                Compare
            "
"217"," Astros"," 2016"," 7268"," 17.4"," 11.4"," 31.9%"," 4.3%"," 4169"," 23.2"," 17.2"," 8.4%"," 18.1%"," 
                Compare
            "
"218"," Royals"," 2017"," 6856"," 17.4"," 11.4"," 23.1%"," 2.1%"," 4287"," 22.0"," 16.0"," 2.1%"," 9.9%"," 
                Compare
            "
"219"," Mets"," 2022"," 6902"," 17.4"," 11.4"," 24.0%"," 2.3%"," 3770"," 22.1"," 16.1"," 1.1%"," 10.4%"," 
                Compare
            "
"220"," Dodgers"," 2013"," 6857"," 17.4"," 11.4"," 26.2%"," 2.3%"," 3815"," 23.3"," 17.3"," 1.4%"," 14.9%"," 
                Compare
            "
"221"," Tigers"," 2014"," 6899"," 17.4"," 11.4"," 23.5%"," 2.2%"," 4102"," 24.7"," 18.7"," 1.0%"," 20.1%"," 
                Compare
            "
"222"," Yankees"," 2019"," 7197"," 17.5"," 11.5"," 24.0%"," 1.9%"," 4089"," 24.1"," 18.1"," 0.8%"," 16.4%"," 
                Compare
            "
"223"," Royals"," 2019"," 6867"," 17.5"," 11.5"," 25.4%"," 1.8%"," 4467"," 23.6"," 17.6"," 0.9%"," 13.0%"," 
                Compare
            "
"224"," Red Sox"," 2017"," 7336"," 17.5"," 11.5"," 28.7%"," 2.5%"," 4298"," 24.2"," 18.2"," 1.2%"," 16.6%"," 
                Compare
            "
"225"," Phillies"," 2018"," 6968"," 17.5"," 11.5"," 23.9%"," 2.4%"," 3925"," 23.4"," 17.4"," 1.7%"," 14.8%"," 
                Compare
            "
"226"," Guardians"," 2020"," 2633"," 17.5"," 11.5"," 22.9%"," 2.7%"," 1326"," 23.6"," 17.6"," 0.2%"," 14.1%"," 
                Compare
            "
"227"," Tigers"," 2022"," 6551"," 17.5"," 11.5"," 21.5%"," 1.9%"," 4031"," 23.0"," 17.0"," 0.7%"," 10.5%"," 
                Compare
            "
"228"," Rockies"," 2014"," 6604"," 17.5"," 11.5"," 27.7%"," 2.3%"," 4173"," 23.9"," 17.9"," 1.1%"," 17.4%"," 
                Compare
            "
"229"," Rangers"," 2016"," 6611"," 17.5"," 11.5"," 30.0%"," 4.2%"," 4325"," 23.3"," 17.3"," 4.4%"," 18.7%"," 
                Compare
            "
"230"," Red Sox"," 2014"," 6777"," 17.5"," 11.5"," 23.6%"," 3.3%"," 4387"," 23.9"," 17.9"," 0.8%"," 18.2%"," 
                Compare
            "
"231"," Blue Jays"," 2017"," 7090"," 17.5"," 11.5"," 24.2%"," 2.5%"," 4366"," 22.5"," 16.5"," 0.6%"," 11.7%"," 
                Compare
            "
"232"," Angels"," 2014"," 7463"," 17.5"," 11.5"," 27.3%"," 2.2%"," 4211"," 24.4"," 18.4"," 0.5%"," 17.1%"," 
                Compare
            "
"233"," Brewers"," 2014"," 7170"," 17.5"," 11.5"," 23.4%"," 2.7%"," 3733"," 24.0"," 18.0"," 0.8%"," 14.9%"," 
                Compare
            "
"234"," Astros"," 2013"," 6985"," 17.5"," 11.5"," 27.6%"," 4.3%"," 4694"," 25.0"," 19.0"," 1.1%"," 21.9%"," 
                Compare
            "
"235"," Brewers"," 2017"," 7121"," 17.6"," 11.6"," 26.1%"," 2.7%"," 4162"," 24.1"," 18.1"," 1.0%"," 17.6%"," 
                Compare
            "
"236"," Yankees"," 2018"," 7104"," 17.6"," 11.6"," 20.7%"," 1.6%"," 4179"," 23.6"," 17.6"," 0.4%"," 13.2%"," 
                Compare
            "
"237"," Mariners"," 2022"," 6557"," 17.6"," 11.6"," 24.5%"," 3.2%"," 3704"," 22.8"," 16.8"," 0.8%"," 12.0%"," 
                Compare
            "
"238"," Pirates"," 2012"," 6461"," 17.6"," 11.6"," 26.4%"," 2.2%"," 3757"," 24.1"," 18.1"," 1.1%"," 17.9%"," 
                Compare
            "
"239"," Twins"," 2015"," 6536"," 17.6"," 11.6"," 29.1%"," 4.9%"," 3983"," 24.5"," 18.5"," 5.9%"," 24.4%"," 
                Compare
            "
"240"," Guardians"," 2016"," 7046"," 17.6"," 11.6"," 27.0%"," 3.6%"," 3772"," 25.1"," 19.1"," 2.5%"," 23.3%"," 
                Compare
            "
"241"," Orioles"," 2014"," 7117"," 17.6"," 11.6"," 19.4%"," 1.9%"," 4137"," 23.9"," 17.9"," 0.5%"," 12.1%"," 
                Compare
            "
"242"," Phillies"," 2016"," 6880"," 17.6"," 11.6"," 27.3%"," 3.9%"," 4182"," 24.2"," 18.2"," 4.4%"," 21.9%"," 
                Compare
            "
"243"," Orioles"," 2015"," 6908"," 17.6"," 11.6"," 27.3%"," 4.1%"," 4172"," 23.7"," 17.7"," 4.3%"," 19.4%"," 
                Compare
            "
"244"," Nationals"," 2017"," 7193"," 17.7"," 11.7"," 23.6%"," 1.6%"," 4066"," 24.0"," 18.0"," 0.6%"," 15.5%"," 
                Compare
            "
"245"," Brewers"," 2019"," 7378"," 17.7"," 11.7"," 26.1%"," 2.8%"," 4235"," 23.9"," 17.9"," 1.0%"," 14.9%"," 
                Compare
            "
"246"," Tigers"," 2017"," 6843"," 17.7"," 11.7"," 23.2%"," 2.3%"," 4382"," 24.8"," 18.8"," 0.7%"," 17.3%"," 
                Compare
            "
"247"," White Sox"," 2016"," 6926"," 17.7"," 11.7"," 28.9%"," 3.7%"," 4229"," 24.3"," 18.3"," 4.3%"," 21.5%"," 
                Compare
            "
"248"," Twins"," 2016"," 6993"," 17.7"," 11.7"," 28.2%"," 4.2%"," 4381"," 22.9"," 16.9"," 7.2%"," 17.5%"," 
                Compare
            "
"249"," Braves"," 2022"," 6829"," 17.7"," 11.7"," 24.0%"," 3.2%"," 3906"," 23.9"," 17.9"," 0.3%"," 16.4%"," 
                Compare
            "
"250"," Mariners"," 2015"," 7029"," 17.7"," 11.7"," 28.5%"," 4.3%"," 3869"," 23.5"," 17.5"," 6.2%"," 20.0%"," 
                Compare
            "
"251"," D-backs"," 2022"," 6877"," 17.7"," 11.7"," 18.3%"," 2.4%"," 4007"," 22.9"," 16.9"," 0.9%"," 13.3%"," 
                Compare
            "
"252"," Angels"," 2019"," 7500"," 17.7"," 11.7"," 23.3%"," 3.2%"," 4300"," 25.0"," 19.0"," 0.7%"," 19.8%"," 
                Compare
            "
"253"," Nationals"," 2018"," 6954"," 17.7"," 11.7"," 22.1%"," 1.6%"," 3916"," 23.9"," 17.9"," 0.7%"," 13.7%"," 
                Compare
            "
"254"," Rays"," 2016"," 7141"," 17.7"," 11.7"," 28.1%"," 4.1%"," 3986"," 24.0"," 18.0"," 5.4%"," 20.5%"," 
                Compare
            "
"255"," Brewers"," 2022"," 7396"," 17.7"," 11.7"," 25.0%"," 3.0%"," 4295"," 23.0"," 17.0"," 1.6%"," 14.0%"," 
                Compare
            "
"256"," D-backs"," 2015"," 7034"," 17.7"," 11.7"," 28.8%"," 5.3%"," 4070"," 25.7"," 19.7"," 3.7%"," 29.5%"," 
                Compare
            "
"257"," Orioles"," 2016"," 7136"," 17.7"," 11.7"," 25.5%"," 3.6%"," 4364"," 23.5"," 17.5"," 5.6%"," 17.2%"," 
                Compare
            "
"258"," Cardinals"," 2022"," 6901"," 17.8"," 11.8"," 24.1%"," 3.7%"," 4113"," 23.8"," 17.8"," 1.1%"," 13.8%"," 
                Compare
            "
"259"," Red Sox"," 2012"," 6570"," 17.8"," 11.8"," 23.4%"," 3.3%"," 4116"," 24.8"," 18.8"," 0.8%"," 20.0%"," 
                Compare
            "
"260"," Cardinals"," 2021"," 6706"," 17.8"," 11.8"," 25.2%"," 3.3%"," 4423"," 24.7"," 18.7"," 0.6%"," 18.8%"," 
                Compare
            "
"261"," Rangers"," 2017"," 6974"," 17.8"," 11.8"," 23.8%"," 2.9%"," 4236"," 23.5"," 17.5"," 0.5%"," 16.5%"," 
                Compare
            "
"262"," Red Sox"," 2022"," 6651"," 17.8"," 11.8"," 21.2%"," 3.5%"," 4406"," 23.6"," 17.6"," 1.4%"," 16.6%"," 
                Compare
            "
"263"," Cubs"," 2021"," 6676"," 17.8"," 11.8"," 20.4%"," 3.3%"," 4478"," 24.3"," 18.3"," 0.4%"," 15.8%"," 
                Compare
            "
"264"," Padres"," 2020"," 2586"," 17.8"," 11.8"," 18.8%"," 2.6%"," 1454"," 24.3"," 18.3"," 0.1%"," 15.3%"," 
                Compare
            "
"265"," Twins"," 2022"," 6585"," 17.8"," 11.8"," 21.1%"," 2.8%"," 3937"," 23.2"," 17.2"," 1.2%"," 12.6%"," 
                Compare
            "
"266"," Reds"," 2022"," 7049"," 17.8"," 11.8"," 20.0%"," 3.0%"," 4599"," 23.3"," 17.3"," 0.7%"," 11.5%"," 
                Compare
            "
"267"," Pirates"," 2019"," 6889"," 17.9"," 11.9"," 19.9%"," 2.4%"," 4455"," 24.4"," 18.4"," 0.4%"," 16.6%"," 
                Compare
            "
"268"," White Sox"," 2018"," 7064"," 17.9"," 11.9"," 20.3%"," 2.5%"," 4625"," 24.5"," 18.5"," 0.5%"," 17.9%"," 
                Compare
            "
"269"," Rays"," 2015"," 7036"," 17.9"," 11.9"," 28.1%"," 4.9%"," 3883"," 24.1"," 18.1"," 6.2%"," 23.7%"," 
                Compare
            "
"270"," Angels"," 2016"," 6749"," 17.9"," 11.9"," 25.8%"," 4.0%"," 4100"," 24.9"," 18.9"," 5.0%"," 24.6%"," 
                Compare
            "
"271"," Marlins"," 2021"," 6326"," 17.9"," 11.9"," 21.1%"," 2.6%"," 4028"," 24.1"," 18.1"," 0.6%"," 16.6%"," 
                Compare
            "
"272"," Rockies"," 2016"," 6774"," 17.9"," 11.9"," 27.9%"," 4.9%"," 4272"," 23.9"," 17.9"," 5.0%"," 20.2%"," 
                Compare
            "
"273"," Yankees"," 2020"," 2408"," 17.9"," 11.9"," 21.0%"," 2.1%"," 1440"," 24.7"," 18.7"," 0.1%"," 16.8%"," 
                Compare
            "
"274"," Athletics"," 2017"," 7082"," 17.9"," 11.9"," 20.3%"," 2.7%"," 4182"," 23.5"," 17.5"," 0.4%"," 15.8%"," 
                Compare
            "
"275"," Rockies"," 2021"," 6346"," 17.9"," 11.9"," 21.0%"," 3.5%"," 4302"," 24.7"," 18.7"," 0.3%"," 18.3%"," 
                Compare
            "
"276"," Guardians"," 2015"," 6753"," 17.9"," 11.9"," 26.2%"," 4.3%"," 3341"," 25.1"," 19.1"," 4.3%"," 25.1%"," 
                Compare
            "
"277"," Phillies"," 2014"," 6534"," 17.9"," 11.9"," 22.5%"," 2.3%"," 4184"," 23.6"," 17.6"," 0.8%"," 15.3%"," 
                Compare
            "
"278"," Cubs"," 2019"," 7096"," 17.9"," 11.9"," 20.1%"," 3.9%"," 4284"," 23.2"," 17.2"," 0.8%"," 13.9%"," 
                Compare
            "
"279"," Giants"," 2021"," 6604"," 17.9"," 11.9"," 22.8%"," 2.9%"," 3699"," 23.8"," 17.8"," 1.3%"," 13.3%"," 
                Compare
            "
"280"," Brewers"," 2016"," 6887"," 17.9"," 11.9"," 27.0%"," 4.8%"," 4216"," 25.5"," 19.5"," 3.9%"," 26.1%"," 
                Compare
            "
"281"," White Sox"," 2017"," 7284"," 18.0"," 12.0"," 18.9%"," 3.4%"," 4535"," 24.3"," 18.3"," 0.1%"," 18.6%"," 
                Compare
            "
"282"," Athletics"," 2015"," 6838"," 18.0"," 12.0"," 26.6%"," 5.1%"," 4015"," 24.3"," 18.3"," 5.5%"," 24.7%"," 
                Compare
            "
"283"," Mets"," 2021"," 6486"," 18.0"," 12.0"," 21.7%"," 2.5%"," 3719"," 24.3"," 18.3"," 0.8%"," 16.9%"," 
                Compare
            "
"284"," Orioles"," 2022"," 6474"," 18.0"," 12.0"," 22.3%"," 2.7%"," 3973"," 23.0"," 17.0"," 0.7%"," 11.5%"," 
                Compare
            "
"285"," Blue Jays"," 2019"," 7093"," 18.0"," 12.0"," 17.3%"," 2.1%"," 4503"," 23.9"," 17.9"," 0.5%"," 13.9%"," 
                Compare
            "
"286"," Twins"," 2021"," 6742"," 18.0"," 12.0"," 20.6%"," 3.1%"," 3819"," 24.9"," 18.9"," 0.3%"," 19.6%"," 
                Compare
            "
"287"," Yankees"," 2010"," 7083"," 18.0"," 12.0"," 18.3%"," 4.3%"," 4243"," 24.0"," 18.0"," 1.1%"," 16.9%"," 
                Compare
            "
"288"," Red Sox"," 2010"," 6844"," 18.0"," 12.0"," 23.8%"," 4.3%"," 4533"," 24.2"," 18.2"," 1.8%"," 20.6%"," 
                Compare
            "
"289"," White Sox"," 2020"," 2738"," 18.0"," 12.0"," 18.0%"," 2.0%"," 1558"," 23.0"," 17.0"," 1.2%"," 13.0%"," 
                Compare
            "
"290"," Mets"," 2016"," 6830"," 18.0"," 12.0"," 25.7%"," 4.3%"," 3757"," 25.3"," 19.3"," 3.5%"," 26.0%"," 
                Compare
            "
"291"," Yankees"," 2017"," 7072"," 18.0"," 12.0"," 21.1%"," 2.7%"," 3958"," 24.2"," 18.2"," 0.4%"," 18.2%"," 
                Compare
            "
"292"," Giants"," 2019"," 7276"," 18.0"," 12.0"," 17.6%"," 2.0%"," 4107"," 23.6"," 17.6"," 0.9%"," 13.2%"," 
                Compare
            "
"293"," Padres"," 2015"," 7143"," 18.0"," 12.0"," 26.5%"," 5.5%"," 3966"," 24.1"," 18.1"," 6.5%"," 23.2%"," 
                Compare
            "
"294"," Pirates"," 2022"," 6702"," 18.0"," 12.0"," 20.7%"," 3.2%"," 4592"," 22.9"," 16.9"," 1.2%"," 10.9%"," 
                Compare
            "
"295"," Red Sox"," 2018"," 7273"," 18.1"," 12.1"," 24.0%"," 3.4%"," 4245"," 24.4"," 18.4"," 0.6%"," 16.1%"," 
                Compare
            "
"296"," Braves"," 2016"," 7007"," 18.1"," 12.1"," 26.2%"," 4.9%"," 4247"," 24.8"," 18.8"," 4.6%"," 24.5%"," 
                Compare
            "
"297"," Yankees"," 2014"," 7068"," 18.1"," 12.1"," 16.8%"," 3.2%"," 3925"," 23.9"," 17.9"," 1.1%"," 15.5%"," 
                Compare
            "
"298"," Cubs"," 2013"," 6917"," 18.1"," 12.1"," 16.7%"," 2.9%"," 3892"," 24.3"," 18.3"," 0.6%"," 17.3%"," 
                Compare
            "
"299"," Astros"," 2017"," 7030"," 18.1"," 12.1"," 15.4%"," 2.5%"," 4155"," 23.6"," 17.6"," 0.4%"," 14.7%"," 
                Compare
            "
"300"," Astros"," 2018"," 7235"," 18.1"," 12.1"," 16.5%"," 3.2%"," 3675"," 23.1"," 17.1"," 1.0%"," 15.2%"," 
                Compare
            "
"301"," Giants"," 2020"," 2643"," 18.1"," 12.1"," 18.5%"," 2.9%"," 1617"," 23.8"," 17.8"," 0.7%"," 14.8%"," 
                Compare
            "
"302"," Marlins"," 2022"," 6676"," 18.1"," 12.1"," 17.1%"," 2.4%"," 3966"," 23.6"," 17.6"," 0.5%"," 14.7%"," 
                Compare
            "
"303"," Padres"," 2019"," 6981"," 18.1"," 12.1"," 23.3%"," 2.5%"," 3811"," 24.2"," 18.2"," 0.7%"," 16.0%"," 
                Compare
            "
"304"," Athletics"," 2019"," 7133"," 18.1"," 12.1"," 19.6%"," 2.9%"," 3912"," 24.7"," 18.7"," 0.8%"," 18.4%"," 
                Compare
            "
"305"," White Sox"," 2019"," 6916"," 18.1"," 12.1"," 19.2%"," 2.3%"," 4247"," 25.1"," 19.1"," 0.2%"," 17.8%"," 
                Compare
            "
"306"," Cubs"," 2014"," 6841"," 18.1"," 12.1"," 18.3%"," 2.4%"," 4040"," 24.7"," 18.7"," 0.5%"," 18.7%"," 
                Compare
            "
"307"," Athletics"," 2016"," 6880"," 18.1"," 12.1"," 24.8%"," 5.3%"," 3993"," 24.2"," 18.2"," 5.0%"," 22.1%"," 
                Compare
            "
"308"," Yankees"," 2022"," 6683"," 18.1"," 12.1"," 20.9%"," 4.4%"," 3908"," 24.2"," 18.2"," 0.3%"," 16.2%"," 
                Compare
            "
"309"," Red Sox"," 2021"," 6618"," 18.1"," 12.1"," 18.8%"," 2.9%"," 4352"," 24.2"," 18.2"," 0.7%"," 19.6%"," 
                Compare
            "
"310"," Royals"," 2015"," 6964"," 18.1"," 12.1"," 25.5%"," 4.9%"," 4113"," 24.0"," 18.0"," 5.6%"," 22.9%"," 
                Compare
            "
"311"," Giants"," 2013"," 6849"," 18.1"," 12.1"," 18.2%"," 2.9%"," 4059"," 24.0"," 18.0"," 0.8%"," 15.3%"," 
                Compare
            "
"312"," Athletics"," 2018"," 7004"," 18.2"," 12.2"," 21.3%"," 3.1%"," 3590"," 25.2"," 19.2"," 0.1%"," 20.7%"," 
                Compare
            "
"313"," Brewers"," 2020"," 2614"," 18.2"," 12.2"," 24.9%"," 2.6%"," 1630"," 23.0"," 17.0"," 3.2%"," 13.6%"," 
                Compare
            "
"314"," Guardians"," 2021"," 6740"," 18.2"," 12.2"," 19.5%"," 3.1%"," 3992"," 24.5"," 18.5"," 0.2%"," 17.5%"," 
                Compare
            "
"315"," Royals"," 2020"," 2654"," 18.2"," 12.2"," 22.8%"," 2.4%"," 1628"," 24.1"," 18.1"," 0.1%"," 14.1%"," 
                Compare
            "
"316"," Pirates"," 2020"," 2640"," 18.2"," 12.2"," 16.7%"," 2.5%"," 1663"," 25.5"," 19.5"," 0.0%"," 19.7%"," 
                Compare
            "
"317"," Angels"," 2020"," 2517"," 18.2"," 12.2"," 18.1%"," 3.3%"," 1577"," 24.9"," 18.9"," 0.3%"," 17.1%"," 
                Compare
            "
"318"," Nationals"," 2019"," 7085"," 18.3"," 12.3"," 17.1%"," 2.0%"," 3812"," 23.5"," 17.5"," 0.7%"," 12.0%"," 
                Compare
            "
"319"," Angels"," 2017"," 7191"," 18.3"," 12.3"," 19.0%"," 3.8%"," 3675"," 24.6"," 18.6"," 0.2%"," 19.0%"," 
                Compare
            "
"320"," Athletics"," 2020"," 2452"," 18.3"," 12.3"," 15.7%"," 2.4%"," 1391"," 24.1"," 18.1"," 0.5%"," 15.3%"," 
                Compare
            "
"321"," Dodgers"," 2020"," 2501"," 18.3"," 12.3"," 18.6%"," 2.8%"," 1295"," 24.6"," 18.6"," 0.2%"," 15.9%"," 
                Compare
            "
"322"," D-backs"," 2021"," 6693"," 18.3"," 12.3"," 15.8%"," 2.1%"," 4235"," 24.1"," 18.1"," 0.9%"," 16.5%"," 
                Compare
            "
"323"," Royals"," 2016"," 6906"," 18.3"," 12.3"," 21.8%"," 4.7%"," 4250"," 23.6"," 17.6"," 4.8%"," 19.1%"," 
                Compare
            "
"324"," Royals"," 2021"," 6851"," 18.3"," 12.3"," 19.9%"," 2.9%"," 4425"," 24.3"," 18.3"," 0.2%"," 15.4%"," 
                Compare
            "
"325"," Angels"," 2022"," 6537"," 18.3"," 12.3"," 18.6%"," 3.7%"," 4198"," 23.9"," 17.9"," 0.5%"," 16.9%"," 
                Compare
            "
"326"," D-backs"," 2018"," 7209"," 18.4"," 12.4"," 15.0%"," 2.2%"," 3925"," 25.5"," 19.5"," 0.1%"," 18.5%"," 
                Compare
            "
"327"," Braves"," 2019"," 7047"," 18.4"," 12.4"," 16.1%"," 2.7%"," 4158"," 24.2"," 18.2"," 0.6%"," 15.3%"," 
                Compare
            "
"328"," Twins"," 2019"," 6844"," 18.4"," 12.4"," 19.6%"," 3.2%"," 4018"," 24.9"," 18.9"," 0.4%"," 17.8%"," 
                Compare
            "
"329"," Brewers"," 2015"," 6881"," 18.4"," 12.4"," 24.9%"," 5.5%"," 3929"," 25.0"," 19.0"," 5.5%"," 27.5%"," 
                Compare
            "
"330"," Angels"," 2018"," 7186"," 18.4"," 12.4"," 17.7%"," 3.8%"," 4147"," 24.8"," 18.8"," 0.2%"," 18.0%"," 
                Compare
            "
"331"," Rangers"," 2021"," 6803"," 18.4"," 12.4"," 17.5%"," 3.1%"," 4007"," 24.4"," 18.4"," 0.3%"," 16.8%"," 
                Compare
            "
"332"," Rays"," 2017"," 7164"," 18.4"," 12.4"," 15.3%"," 3.3%"," 4071"," 24.5"," 18.5"," 0.5%"," 16.7%"," 
                Compare
            "
"333"," Cubs"," 2020"," 2648"," 18.4"," 12.4"," 17.6%"," 3.9%"," 1346"," 24.6"," 18.6"," 0.1%"," 17.3%"," 
                Compare
            "
"334"," Astros"," 2015"," 6929"," 18.4"," 12.4"," 25.1%"," 6.5%"," 3998"," 24.5"," 18.5"," 6.1%"," 25.2%"," 
                Compare
            "
"335"," D-backs"," 2020"," 2673"," 18.4"," 12.4"," 15.5%"," 2.2%"," 1439"," 23.7"," 17.7"," 0.7%"," 15.8%"," 
                Compare
            "
"336"," Rays"," 2019"," 7114"," 18.5"," 12.5"," 16.9%"," 3.1%"," 3710"," 24.4"," 18.4"," 0.4%"," 18.5%"," 
                Compare
            "
"337"," Rockies"," 2015"," 6738"," 18.5"," 12.5"," 25.3%"," 6.2%"," 4226"," 25.0"," 19.0"," 5.2%"," 26.1%"," 
                Compare
            "
"338"," Pirates"," 2021"," 6634"," 18.5"," 12.5"," 16.1%"," 2.4%"," 4207"," 24.7"," 18.7"," 0.8%"," 18.0%"," 
                Compare
            "
"339"," Braves"," 2020"," 2536"," 18.5"," 12.5"," 19.1%"," 2.9%"," 1626"," 24.5"," 18.5"," 0.6%"," 15.9%"," 
                Compare
            "
"340"," Dodgers"," 2019"," 7012"," 18.5"," 12.5"," 16.9%"," 3.4%"," 3340"," 24.6"," 18.6"," 0.1%"," 19.0%"," 
                Compare
            "
"341"," D-backs"," 2019"," 7262"," 18.5"," 12.5"," 14.4%"," 2.6%"," 3847"," 24.9"," 18.9"," 0.7%"," 19.5%"," 
                Compare
            "
"342"," Nationals"," 2022"," 6893"," 18.5"," 12.5"," 16.7%"," 2.4%"," 4537"," 24.8"," 18.8"," 0.6%"," 16.2%"," 
                Compare
            "
"343"," Astros"," 2020"," 2588"," 18.5"," 12.5"," 12.8%"," 2.6%"," 1741"," 24.3"," 18.3"," 0.1%"," 15.7%"," 
                Compare
            "
"344"," Dodgers"," 2015"," 6883"," 18.5"," 12.5"," 25.9%"," 6.6%"," 3374"," 25.5"," 19.5"," 5.4%"," 29.8%"," 
                Compare
            "
"345"," Mariners"," 2021"," 6656"," 18.5"," 12.5"," 13.1%"," 2.5%"," 4033"," 24.6"," 18.6"," 0.1%"," 18.2%"," 
                Compare
            "
"346"," Yankees"," 2021"," 6831"," 18.6"," 12.6"," 15.5%"," 3.5%"," 3749"," 25.4"," 19.4"," 0.2%"," 21.1%"," 
                Compare
            "
"347"," Padres"," 2022"," 6869"," 18.6"," 12.6"," 15.2%"," 3.5%"," 3971"," 24.4"," 18.4"," 0.9%"," 18.4%"," 
                Compare
            "
"348"," Padres"," 2016"," 7089"," 18.6"," 12.6"," 21.0%"," 4.8%"," 4252"," 24.5"," 18.5"," 4.1%"," 20.7%"," 
                Compare
            "
"349"," Athletics"," 2022"," 6504"," 18.6"," 12.6"," 16.8%"," 3.3%"," 4220"," 23.4"," 17.4"," 0.7%"," 12.9%"," 
                Compare
            "
"350"," Rangers"," 2020"," 2634"," 18.6"," 12.6"," 15.1%"," 2.6%"," 1753"," 24.5"," 18.5"," 0.2%"," 18.1%"," 
                Compare
            "
"351"," Phillies"," 2021"," 6759"," 18.6"," 12.6"," 15.4%"," 3.2%"," 3927"," 25.1"," 19.1"," 0.3%"," 19.0%"," 
                Compare
            "
"352"," Rays"," 2021"," 6751"," 18.6"," 12.6"," 17.0%"," 3.0%"," 3610"," 23.5"," 17.5"," 1.0%"," 16.3%"," 
                Compare
            "
"353"," Nationals"," 2021"," 6892"," 18.7"," 12.7"," 17.4%"," 3.2%"," 4141"," 24.9"," 18.9"," 0.1%"," 18.0%"," 
                Compare
            "
"354"," Brewers"," 2021"," 7156"," 18.7"," 12.7"," 21.1%"," 4.2%"," 4003"," 24.1"," 18.1"," 2.7%"," 18.4%"," 
                Compare
            "
"355"," Tigers"," 2016"," 7007"," 18.7"," 12.7"," 22.3%"," 5.6%"," 3750"," 25.5"," 19.5"," 3.4%"," 26.1%"," 
                Compare
            "
"356"," Rays"," 2013"," 7170"," 18.7"," 12.7"," 15.4%"," 4.3%"," 3995"," 25.2"," 19.2"," 0.7%"," 21.8%"," 
                Compare
            "
"357"," Blue Jays"," 2022"," 6420"," 18.7"," 12.7"," 14.6%"," 3.7%"," 3863"," 22.7"," 16.7"," 0.6%"," 11.4%"," 
                Compare
            "
"358"," Phillies"," 2020"," 2293"," 18.7"," 12.7"," 14.5%"," 3.1%"," 1602"," 24.3"," 18.3"," 0.8%"," 12.9%"," 
                Compare
            "
"359"," Dodgers"," 2018"," 6927"," 18.8"," 12.8"," 16.2%"," 3.4%"," 3572"," 23.6"," 17.6"," 0.5%"," 14.6%"," 
                Compare
            "
"360"," Dodgers"," 2017"," 6977"," 18.8"," 12.8"," 12.9%"," 3.7%"," 3448"," 24.3"," 18.3"," 0.1%"," 19.0%"," 
                Compare
            "
"361"," Giants"," 2016"," 7012"," 18.8"," 12.8"," 21.2%"," 6.3%"," 3871"," 25.5"," 19.5"," 4.2%"," 25.8%"," 
                Compare
            "
"362"," Athletics"," 2021"," 6629"," 18.8"," 12.8"," 14.5%"," 3.9%"," 3979"," 24.2"," 18.2"," 0.5%"," 17.6%"," 
                Compare
            "
"363"," Astros"," 2021"," 7029"," 18.8"," 12.8"," 15.6%"," 3.3%"," 4234"," 25.2"," 19.2"," 0.3%"," 21.6%"," 
                Compare
            "
"364"," Tigers"," 2015"," 7077"," 18.8"," 12.8"," 21.9%"," 6.8%"," 3930"," 26.1"," 20.1"," 5.3%"," 30.0%"," 
                Compare
            "
"365"," Red Sox"," 2019"," 7553"," 18.9"," 12.9"," 14.9%"," 3.6%"," 4720"," 24.8"," 18.8"," 0.3%"," 20.0%"," 
                Compare
            "
"366"," D-backs"," 2016"," 6888"," 18.9"," 12.9"," 21.4%"," 5.4%"," 4486"," 26.2"," 20.2"," 2.8%"," 28.4%"," 
                Compare
            "
"367"," Rangers"," 2022"," 6554"," 18.9"," 12.9"," 11.5%"," 3.9%"," 4320"," 23.8"," 17.8"," 0.1%"," 14.2%"," 
                Compare
            "
"368"," Angels"," 2021"," 6995"," 18.9"," 12.9"," 13.9%"," 3.7%"," 4432"," 24.2"," 18.2"," 0.5%"," 18.5%"," 
                Compare
            "
"369"," Blue Jays"," 2021"," 6804"," 18.9"," 12.9"," 13.6%"," 3.8%"," 4053"," 23.9"," 17.9"," 0.3%"," 15.2%"," 
                Compare
            "
"370"," Rays"," 2020"," 2387"," 18.9"," 12.9"," 13.0%"," 4.8%"," 1418"," 23.8"," 17.8"," 0.6%"," 17.6%"," 
                Compare
            "
"371"," Dodgers"," 2022"," 6602"," 18.9"," 12.9"," 13.1%"," 2.0%"," 3386"," 23.8"," 17.8"," 1.1%"," 12.4%"," 
                Compare
            "
"372"," Red Sox"," 2016"," 6878"," 18.9"," 12.9"," 22.1%"," 7.2%"," 4075"," 26.0"," 20.0"," 4.8%"," 29.0%"," 
                Compare
            "
"373"," Red Sox"," 2011"," 6327"," 18.9"," 12.9"," 19.1%"," 5.2%"," 4207"," 24.5"," 18.5"," 1.2%"," 20.4%"," 
                Compare
            "
"374"," Padres"," 2021"," 7150"," 19.0"," 13.0"," 13.4%"," 4.2%"," 4013"," 25.4"," 19.4"," 0.4%"," 23.0%"," 
                Compare
            "
"375"," Giants"," 2014"," 6656"," 19.0"," 13.0"," 12.3%"," 3.8%"," 3557"," 24.9"," 18.9"," 0.2%"," 20.4%"," 
                Compare
            "
"376"," Nationals"," 2020"," 2354"," 19.0"," 13.0"," 13.0%"," 3.0%"," 1597"," 24.5"," 18.5"," 0.8%"," 12.8%"," 
                Compare
            "
"377"," Twins"," 2020"," 2593"," 19.0"," 13.0"," 15.0%"," 3.4%"," 1388"," 25.0"," 19.0"," 0.2%"," 20.0%"," 
                Compare
            "
"378"," Dodgers"," 2016"," 7383"," 19.1"," 13.1"," 19.1%"," 6.2%"," 3703"," 25.7"," 19.7"," 2.7%"," 28.8%"," 
                Compare
            "
"379"," Giants"," 2015"," 6726"," 19.1"," 13.1"," 20.5%"," 6.8%"," 3672"," 25.6"," 19.6"," 4.2%"," 28.2%"," 
                Compare
            "
"380"," Rays"," 2022"," 6497"," 19.1"," 13.1"," 11.1%"," 3.5%"," 3694"," 23.4"," 17.4"," 1.5%"," 12.9%"," 
                Compare
            "
"381"," Phillies"," 2022"," 6534"," 19.1"," 13.1"," 12.1%"," 3.7%"," 4020"," 24.3"," 18.3"," 0.7%"," 15.2%"," 
                Compare
            "
"382"," Blue Jays"," 2020"," 2665"," 19.2"," 13.2"," 11.7%"," 3.9%"," 1763"," 25.3"," 19.3"," 0.6%"," 21.6%"," 
                Compare
            "
"383"," Dodgers"," 2021"," 6590"," 19.2"," 13.2"," 13.4%"," 4.0%"," 3674"," 25.3"," 19.3"," 0.2%"," 21.6%"," 
                Compare
            "
"384"," Astros"," 2022"," 6549"," 19.2"," 13.2"," 13.0%"," 3.6%"," 3630"," 24.0"," 18.0"," 0.7%"," 16.0%"," 
                Compare
            "
"385"," Yankees"," 2016"," 6996"," 19.3"," 13.3"," 19.2%"," 5.5%"," 3978"," 25.8"," 19.8"," 3.2%"," 27.3%"," 
                Compare
            "
"386"," Rays"," 2014"," 7203"," 19.4"," 13.4"," 13.4%"," 5.1%"," 4231"," 26.1"," 20.1"," 0.3%"," 24.6%"," 
                Compare
            "
"387"," Red Sox"," 2020"," 2500"," 19.6"," 13.6"," 9.7%"," 4.0%"," 1917"," 24.2"," 18.2"," 1.1%"," 15.4%"," 
                Compare
            "
"388"," White Sox"," 2021"," 6900"," 19.6"," 13.6"," 9.1%"," 3.7%"," 3863"," 24.1"," 18.1"," 0.7%"," 16.6%"," 
                Compare
            "
"389"," Yankees"," 2015"," 7050"," 19.7"," 13.7"," 15.5%"," 6.7%"," 4288"," 25.7"," 19.7"," 4.2%"," 27.7%"," 
                Compare
            "
"390"," White Sox"," 2022"," 6784"," 19.8"," 13.8"," 10.0%"," 5.1%"," 4285"," 23.9"," 17.9"," 1.0%"," 15.3%"," 
                Compare
            "